{"cameraMode":{"drawMode":0,"name":"Shaded","section":"Shading Mode"},"sceneLighting":true,"audioPlay":false,"sceneViewState":{"showFog":true,"showMaterialUpdate":false,"showSkybox":true,"showFlares":true,"showImageEffects":true,"showParticleSystems":true,"showVisualEffectGraphs":true,"m_FxEnabled":true},"in2DMode":false,"pivot":{"x":1.1640442609786988,"y":0.9360743761062622,"z":-0.7543685436248779},"rotation":{"x":0.059672921895980838,"y":0.8789361119270325,"z":-0.11298338323831558,"w":0.45986396074295046},"size":0.761107861995697,"orthographic":false}